Type,SKU,Name,Published,Is featured?,Visibility in catalog,Regular price,Sale price,Manage stock?,Stock,In stock?,Images,Meta: _cvd_source,Meta: _cvd_source_product_id
simple,CV-BIZ-73346,Alfombra de chenilla,1,0,visible,,,0,,1,https://biznecubano.com/images/small/tenants/1410/products/73346/OY8-product-cover.jpeg,biznecubano,73346
simple,CV-BIZ-73358,Juego de cortina tapa sol -CRTN,1,0,visible,,,0,,1,https://biznecubano.com/images/small/tenants/1410/products/73358/2y1-product-cover.jpeg,biznecubano,73358
simple,CV-BIZ-82193,Juego de sabanas Queen Majestic imperial,1,0,visible,,,0,,1,https://biznecubano.com/images/small/tenants/1410/products/82193/nRo-product-cover.jpeg,biznecubano,82193
simple,CV-BIZ-82194,Juego de Sábanas Majestic King,1,0,visible,,,0,,1,https://biznecubano.com/images/small/tenants/1410/products/82194/2Dj-product-cover.jpeg,biznecubano,82194
simple,CV-BIZ-85096,Juego de Sábanas Majestic Imperial – TWIN,1,0,visible,,,0,,1,https://biznecubano.com/images/small/tenants/1410/products/85096/IVt-product-cover.jpeg,biznecubano,85096
simple,CV-BIZ-85429,Colcha 180x220,1,0,visible,,,0,,1,https://biznecubano.com/images/small/tenants/1410/products/85429/bnZ-product-cover.jpeg,biznecubano,85429
simple,CV-BIZ-85532,Tendedero Plegable Azul,1,0,visible,26,,1,3,1,https://biznecubano.com/images/small/tenants/1410/products/85532/5ku-product-cover.jpeg,biznecubano,85532
simple,CV-BIZ-87485,Almohada Majestic Imperial,1,0,visible,17,,1,4,1,https://biznecubano.com/images/small/tenants/1410/products/87485/H6t-product-cover.jpeg,biznecubano,87485
simple,CV-BIZ-89044,Asiento de Inodoro,1,0,visible,15,,1,13,1,https://biznecubano.com/images/small/tenants/1410/products/89044/ml6-product-cover.jpeg,biznecubano,89044
simple,CV-BIZ-90449,Organizador de 4 niveles rectangular,1,0,visible,,,0,,1,https://biznecubano.com/images/small/tenants/1410/products/90449/g9X-product-cover.jpeg,biznecubano,90449
simple,CV-BIZ-90452,Alfombra de Cocina engomada CPTK-234,1,0,visible,11,,1,1,1,https://biznecubano.com/images/small/tenants/1410/products/90452/E65-product-cover.jpeg,biznecubano,90452
simple,CV-BIZ-93942,Espejo de Cuerpo Completo de Pie,1,0,visible,37,,1,5,1,https://biznecubano.com/images/small/tenants/1410/products/93942/dtG-product-cover.jpeg,biznecubano,93942
simple,CV-BIZ-98378,Doyle Individual Metalizado (6 piezas),1,0,visible,,,0,,1,https://biznecubano.com/images/small/tenants/1410/products/98378/0N2-product-cover.jpeg,biznecubano,98378
simple,CV-BIZ-98412,Sobrecama lisa full,1,0,visible,,,0,,1,https://biznecubano.com/images/small/tenants/1410/products/98412/2X0-product-cover.jpeg,biznecubano,98412
simple,CV-BIZ-98583,Sobrecama lisa king,1,0,visible,,,0,,1,https://biznecubano.com/images/small/tenants/1410/products/98583/jJp-product-cover.jpeg,biznecubano,98583
simple,CV-BIZ-98586,Toallas pequeña,1,0,visible,10,,1,10,1,https://biznecubano.com/images/small/tenants/1410/products/98586/TEF-product-cover.jpeg,biznecubano,98586
simple,CV-BIZ-98927,Doyle Elegante Rectangular (6 piezas),1,0,visible,,,0,,1,https://biznecubano.com/images/small/tenants/1410/products/98927/tlM-product-cover.jpeg,biznecubano,98927
simple,CV-BIZ-98933,Alfombra Peluche 58x40,1,0,visible,,,0,,1,https://biznecubano.com/images/small/tenants/1410/products/98933/PIJ-product-cover.jpeg,biznecubano,98933
simple,CV-BIZ-98935,Alfombra Peluche 77x50,1,0,visible,,,0,,1,https://biznecubano.com/images/small/tenants/1410/products/98935/2YD-product-cover.jpeg,biznecubano,98935
simple,CV-BIZ-99361,Juego de Edredón 5 piezas Queen,1,0,visible,,,0,,1,https://biznecubano.com/images/small/tenants/1410/products/99361/5Rt-product-cover.jpeg,biznecubano,99361
simple,CV-BIZ-99363,Juego de Edredón 5 piezas Full,1,0,visible,,,0,,1,https://biznecubano.com/images/small/tenants/1410/products/99363/53p-product-cover.jpeg,biznecubano,99363
simple,CV-BIZ-99366,Lámpara recargable portátil,1,0,visible,25,,1,2,1,https://biznecubano.com/images/small/tenants/1410/products/99366/zYj-product-cover.jpeg,biznecubano,99366
simple,CV-BIZ-100508,Cortinero Expandible plateado,1,0,visible,10,7,1,9,1,https://biznecubano.com/images/small/tenants/1410/products/100508/0iU-product-cover.jpeg,biznecubano,100508
simple,CV-BIZ-100628,Bata de baño,1,0,visible,,,0,,1,https://biznecubano.com/images/small/tenants/1410/products/100628/TMh-product-cover.jpeg,biznecubano,100628
simple,CV-BIZ-100764,Colcha navideña 180x220,1,0,visible,,,0,,1,https://biznecubano.com/images/small/tenants/1410/products/100764/tbE-product-cover.jpeg,biznecubano,100764
simple,CV-BIZ-100779,Juego de cortina tapa sol Royale,1,0,visible,,,0,,1,https://biznecubano.com/images/small/tenants/1410/products/100779/Z3s-product-cover.jpeg,biznecubano,100779
simple,CV-BIZ-100780,Juego de cortina tapa sol Royale con diseño,1,0,visible,,,0,,1,https://biznecubano.com/images/small/tenants/1410/products/100780/SuN-product-cover.jpeg,biznecubano,100780
simple,CV-BIZ-102236,Shampoo Matizador Oggy Ultra Blonde,1,0,visible,6,,1,2,1,https://biznecubano.com/images/small/tenants/1410/products/102236/C5O-product-cover.jpeg,biznecubano,102236
simple,CV-BIZ-102290,Botella térmica 1,1,0,visible,18,,1,1,1,https://biznecubano.com/images/small/tenants/1410/products/102290/FoT-product-cover.jpeg,biznecubano,102290
simple,CV-BIZ-102294,Botella térmica 4,1,0,visible,18,,1,1,1,https://biznecubano.com/images/small/tenants/1410/products/102294/PiG-product-cover.jpeg,biznecubano,102294
simple,CV-BIZ-102295,Botella térmica 3,1,0,visible,18,,1,1,1,https://biznecubano.com/images/small/tenants/1410/products/102295/pg2-product-cover.jpeg,biznecubano,102295
simple,CV-BIZ-102299,Sobrecama tiwn,1,0,visible,,,0,,1,https://biznecubano.com/images/small/tenants/1410/products/102299/Gvt-product-cover.jpeg,biznecubano,102299
simple,CV-BIZ-103153,Estante Multiuso 2 niveles blanco,1,0,visible,20,,1,0,0,https://biznecubano.com/images/small/tenants/1410/products/103153/NHH-product-cover.jpeg,biznecubano,103153
simple,CV-BIZ-104720,Utensilios de silicona con cuchillos,1,0,visible,,,0,,1,https://biznecubano.com/images/small/tenants/1410/products/104720/mky-product-cover.jpeg,biznecubano,104720
simple,CV-BIZ-105154,Colchón de resorte 180x200cm Dawang,1,0,visible,320,,1,1,1,https://biznecubano.com/images/small/tenants/1410/products/105154/AoQ-product-cover.jpeg,biznecubano,105154
simple,CV-BIZ-105164,Exprimidor simple,1,0,visible,4,,1,3,1,https://biznecubano.com/images/small/tenants/1410/products/105164/rGx-product-cover.jpeg,biznecubano,105164
simple,CV-BIZ-105173,Ramo de girasoles,1,0,visible,8,,1,5,1,https://biznecubano.com/images/small/tenants/1410/products/105173/B2X-product-cover.jpeg,biznecubano,105173
simple,CV-BIZ-105178,Alfombra suave Rombo 50 x 80,1,0,visible,,,0,,1,https://biznecubano.com/images/small/tenants/1410/products/105178/6md-product-cover.jpeg,biznecubano,105178
simple,CV-BIZ-105181,Rallador,1,0,visible,,,0,,1,https://biznecubano.com/images/small/tenants/1410/products/105181/KSN-product-cover.jpeg,biznecubano,105181
simple,CV-BIZ-105235,Helecho hoja fina,1,0,visible,8,,1,1,1,https://biznecubano.com/images/small/tenants/1410/products/105235/fby-product-cover.jpeg,biznecubano,105235
simple,CV-BIZ-107259,Bucaro blanco,1,0,visible,17,,1,1,1,https://biznecubano.com/images/small/tenants/1410/products/107259/nX8-product-cover.jpeg,biznecubano,107259
simple,CV-BIZ-107264,Termo térmico 1L,1,0,visible,,,0,,1,https://biznecubano.com/images/small/tenants/1410/products/107264/Dwd-product-cover.jpeg,biznecubano,107264
simple,CV-BIZ-107265,Forro para 6 sillas + mesa rectangular,1,0,visible,,,0,,1,https://biznecubano.com/images/small/tenants/1410/products/107265/Gco-product-cover.jpeg,biznecubano,107265
simple,CV-BIZ-107266,Mantel cuadrado,1,0,visible,,,0,,1,https://biznecubano.com/images/small/tenants/1410/products/107266/9IK-product-cover.jpeg,biznecubano,107266
simple,CV-BIZ-107267,Mantel circular,1,0,visible,,,0,,1,https://biznecubano.com/images/small/tenants/1410/products/107267/BwG-product-cover.jpeg,biznecubano,107267
simple,CV-BIZ-107268,Cojin decorativo,1,0,visible,,,0,,1,https://biznecubano.com/images/small/tenants/1410/products/107268/zW3-product-cover.jpeg,biznecubano,107268
simple,CV-BIZ-107269,Cojín decorativo,1,0,visible,,,0,,1,https://biznecubano.com/images/small/tenants/1410/products/107269/Pwe-product-cover.jpeg,biznecubano,107269
simple,CV-BIZ-107282,Vasos de vidrio (altos),1,0,visible,7,,1,2,1,https://biznecubano.com/images/small/tenants/1410/products/107282/d0c-product-cover.jpeg,biznecubano,107282
simple,CV-BIZ-107283,Vasos de vidrio (medianos),1,0,visible,7,,1,3,1,https://biznecubano.com/images/small/tenants/1410/products/107283/cI9-product-cover.jpeg,biznecubano,107283
simple,CV-BIZ-107285,Maceta con suculenta,1,0,visible,,,0,,1,https://biznecubano.com/images/small/tenants/1410/products/107285/NlU-product-cover.jpeg,biznecubano,107285
simple,CV-BIZ-107288,Set para baño completo (15 piezas),1,0,visible,,,0,,1,https://biznecubano.com/images/small/tenants/1410/products/107288/pc0-product-cover.jpeg,biznecubano,107288
simple,CV-BIZ-107314,Cojín decorativo,1,0,visible,,,0,,1,https://biznecubano.com/images/small/tenants/1410/products/107314/Ze9-product-cover.jpeg,biznecubano,107314
simple,CV-BIZ-107353,Cesta tipo mimbre redonda,1,0,visible,10,,1,1,1,https://biznecubano.com/images/small/tenants/1410/products/107353/lMo-product-cover.jpeg,biznecubano,107353
simple,CV-BIZ-107355,Cesta tipo mimbre rectangular,1,0,visible,10,,1,1,1,https://biznecubano.com/images/small/tenants/1410/products/107355/ocy-product-cover.jpeg,biznecubano,107355
simple,CV-BIZ-107505,Colchón 180x200cm Dawang + 2 almohadas hoteleras,1,0,visible,340,,1,1,1,https://biznecubano.com/images/small/tenants/1410/products/107505/PyL-product-cover.jpeg,biznecubano,107505
simple,CV-BIZ-108063,Shampo + Acondicionador Oggy de Romero,1,0,visible,7,,1,1,1,https://biznecubano.com/images/small/tenants/1410/products/108063/hFF-product-cover.jpeg,biznecubano,108063
simple,CV-BIZ-108754,Colchón - EDSM A - 3/4,1,0,visible,275,,0,,1,https://biznecubano.com/images/small/tenants/1410/products/108754/Dff-product-cover.jpeg,biznecubano,108754
simple,CV-BIZ-108755,Colchón - EDSM A - Camero,1,0,visible,290,,0,,1,https://biznecubano.com/images/small/tenants/1410/products/108755/jkj-product-cover.jpeg,biznecubano,108755
simple,CV-BIZ-108756,Colchón - EDSM A - Queen,1,0,visible,310,,0,,1,https://biznecubano.com/images/small/tenants/1410/products/108756/1bR-product-cover.jpeg,biznecubano,108756
simple,CV-BIZ-108757,Colchón - EDSM A - King,1,0,visible,340,,0,,1,https://biznecubano.com/images/small/tenants/1410/products/108757/pnc-product-cover.jpeg,biznecubano,108757
simple,CV-BIZ-108758,Colchón 3/4 + Almohada - EDSM A,1,0,visible,290,,0,,1,https://biznecubano.com/images/small/tenants/1410/products/108758/kCV-product-cover.jpeg,biznecubano,108758
simple,CV-BIZ-108759,Colchón Camero + Almohada - EDSM A,1,0,visible,310,,0,,1,https://biznecubano.com/images/small/tenants/1410/products/108759/sBB-product-cover.jpeg,biznecubano,108759
simple,CV-BIZ-108760,Colchón Queen + Almohada - EDSM A,1,0,visible,330,,0,,1,https://biznecubano.com/images/small/tenants/1410/products/108760/C1K-product-cover.jpeg,biznecubano,108760
simple,CV-BIZ-108761,Colchón King + Almohada - EDSM A,1,0,visible,365,,0,,1,https://biznecubano.com/images/small/tenants/1410/products/108761/Q2u-product-cover.jpeg,biznecubano,108761
simple,CV-BIZ-108824,Set de Jarra con Vasos,1,0,visible,14,,1,1,1,https://biznecubano.com/images/small/tenants/1410/products/108824/tOp-product-cover.jpeg,biznecubano,108824
simple,CV-BIZ-108854,Alfombra decorativa 80x120cm,1,0,visible,25,,1,2,1,https://biznecubano.com/images/small/tenants/1410/products/108854/CXR-product-cover.jpeg,biznecubano,108854
simple,CV-BIZ-108913,Mesita infantil,1,0,visible,,,0,,1,https://biznecubano.com/images/small/tenants/1410/products/108913/JUO-product-cover.jpeg,biznecubano,108913
simple,CV-BIZ-109261,Limpiador facial blanqueador con vitamina C,1,0,visible,8,,1,3,1,https://biznecubano.com/images/small/tenants/1410/products/109261/ulO-product-cover.jpeg,biznecubano,109261
simple,CV-BIZ-109793,Protector de colchón Queen,1,0,visible,36,,1,2,1,https://biznecubano.com/images/small/tenants/1410/products/109793/iPQ-product-cover.jpeg,biznecubano,109793
simple,CV-BIZ-109794,Protector de colchón Personal,1,0,visible,23,,1,4,1,https://biznecubano.com/images/small/tenants/1410/products/109794/sc4-product-cover.jpeg,biznecubano,109794
simple,CV-BIZ-109862,Alfombra Circular Decorativa – 180 cm,1,0,visible,60,,1,1,1,https://biznecubano.com/images/small/tenants/1410/products/109862/RlU-product-cover.jpeg,biznecubano,109862
simple,CV-BIZ-109864,Alfombra Circular Decorativa – 180 cm,1,0,visible,60,,1,1,1,https://biznecubano.com/images/small/tenants/1410/products/109864/DvG-product-cover.jpeg,biznecubano,109864
simple,CV-BIZ-109865,Alfombra Circular Decorativa – 180 cm,1,0,visible,60,,1,1,1,https://biznecubano.com/images/small/tenants/1410/products/109865/Gh3-product-cover.jpeg,biznecubano,109865
simple,CV-BIZ-109866,Alfombra Circular Decorativa – 180 cm,1,0,visible,60,,1,1,1,https://biznecubano.com/images/small/tenants/1410/products/109866/oMc-product-cover.jpeg,biznecubano,109866
simple,CV-BIZ-109868,Alfombra Decorativa Moderna – 180 x 200 cm,1,0,visible,70,,1,1,1,https://biznecubano.com/images/small/tenants/1410/products/109868/PCS-product-cover.jpeg,biznecubano,109868
simple,CV-BIZ-109870,Cortina de baño,1,0,visible,,,0,,1,https://biznecubano.com/images/small/tenants/1410/products/109870/Jwb-product-cover.jpeg,biznecubano,109870
simple,CV-BIZ-109873,Cortina blackout moderna (2 paneles),1,0,visible,36,,1,2,1,https://biznecubano.com/images/small/tenants/1410/products/109873/3mg-product-cover.jpeg,biznecubano,109873
simple,CV-BIZ-109876,Set de alfombras para baño (3 piezas),1,0,visible,,,0,,1,https://biznecubano.com/images/small/tenants/1410/products/109876/0Vf-product-cover.jpeg,biznecubano,109876
simple,CV-BIZ-109878,Tazas con platillos,1,0,visible,14,,1,1,1,https://biznecubano.com/images/small/tenants/1410/products/109878/y8R-product-cover.jpeg,biznecubano,109878
simple,CV-BIZ-109879,Tazas con platillos,1,0,visible,14,,1,1,1,https://biznecubano.com/images/small/tenants/1410/products/109879/34c-product-cover.jpeg,biznecubano,109879
simple,CV-BIZ-109880,Edredón + Juego de Sábanas Queen,1,0,visible,,,0,,1,https://biznecubano.com/images/small/tenants/1410/products/109880/b0y-product-cover.jpeg,biznecubano,109880
simple,CV-BIZ-110866,Jarra de cristal 1.3 Litros,1,0,visible,10,,1,4,1,https://biznecubano.com/images/small/tenants/1410/products/110866/317-product-cover.jpeg,biznecubano,110866
simple,CV-BIZ-110869,Colador metálico de cocina (set 3 piezas),1,0,visible,5,,1,4,1,https://biznecubano.com/images/small/tenants/1410/products/110869/Pub-product-cover.jpeg,biznecubano,110869
simple,CV-BIZ-110871,Toalla de Baño Majestic Imperial Gris Clara,1,0,visible,18,,1,2,1,https://biznecubano.com/images/small/tenants/1410/products/110871/QCg-product-cover.jpeg,biznecubano,110871
simple,CV-BIZ-111551,Set de 5 pozuelos cuadrados (Rojo),1,0,visible,10,,1,1,1,https://biznecubano.com/images/small/tenants/1410/products/111551/MeQ-product-cover.jpeg,biznecubano,111551
simple,CV-BIZ-111553,Protector de Colchón Acolchado FULL,1,0,visible,34,,1,3,1,https://biznecubano.com/images/small/tenants/1410/products/111553/D2o-product-cover.jpeg,biznecubano,111553
simple,CV-BIZ-111554,Cortinero decorativo,1,0,visible,,,0,,1,https://biznecubano.com/images/small/tenants/1410/products/111554/Llu-product-cover.jpeg,biznecubano,111554
simple,CV-BIZ-111555,Cortinero decorativo,1,0,visible,,,0,,1,https://biznecubano.com/images/small/tenants/1410/products/111555/Rel-product-cover.jpeg,biznecubano,111555
simple,CV-BIZ-111556,Cortinero decorativo,1,0,visible,,,0,,1,https://biznecubano.com/images/small/tenants/1410/products/111556/FRy-product-cover.jpeg,biznecubano,111556
simple,CV-BIZ-111682,Cesto de 12L,1,0,visible,7,,1,12,1,https://biznecubano.com/images/small/tenants/1410/products/111682/kKK-product-cover.jpeg,biznecubano,111682
simple,CV-BIZ-111683,Cesto de 12L,1,0,visible,7,,1,6,1,https://biznecubano.com/images/small/tenants/1410/products/111683/iR0-product-cover.jpeg,biznecubano,111683
simple,CV-BIZ-111684,Cesto de 12L,1,0,visible,7,,1,12,1,https://biznecubano.com/images/small/tenants/1410/products/111684/Q4g-product-cover.jpeg,biznecubano,111684
simple,CV-BIZ-112434,Licuadora MLD 999,1,0,visible,35,,1,1,1,https://biznecubano.com/images/small/tenants/1410/products/112434/SAF-product-cover.jpeg,biznecubano,112434
simple,CV-BIZ-112435,Licuadora ML 602,1,0,visible,45,,1,1,1,https://biznecubano.com/images/small/tenants/1410/products/112435/1j4-product-cover.jpeg,biznecubano,112435
simple,CV-BIZ-112438,Azulejo INCEFRA,1,0,visible,35,,0,,1,https://biznecubano.com/images/small/tenants/1410/products/112438/3QY-product-cover.jpeg,biznecubano,112438
simple,CV-BIZ-112525,Sartén 16 cm,1,0,visible,14,,1,2,1,https://biznecubano.com/images/small/tenants/1410/products/112525/0jw-product-cover.jpeg,biznecubano,112525
simple,CV-BIZ-112531,Espumadera,1,0,visible,6,,1,4,1,https://biznecubano.com/images/small/tenants/1410/products/112531/m5w-product-cover.jpeg,biznecubano,112531
simple,CV-BIZ-112532,Cortina decorativa Vienna,1,0,visible,24,,1,1,1,https://biznecubano.com/images/small/tenants/1410/products/112532/IEW-product-cover.jpeg,biznecubano,112532
simple,CV-BIZ-112533,Juego de ollas,1,0,visible,50,,1,2,1,https://biznecubano.com/images/small/tenants/1410/products/112533/WCp-product-cover.jpeg,biznecubano,112533
simple,CV-BIZ-112572,Grifo para fregadero doble cuello de cisne GP 1322,1,0,visible,15,,1,2,1,https://biznecubano.com/images/small/tenants/1410/products/112572/7YI-product-cover.jpeg,biznecubano,112572
simple,CV-BIZ-112637,Grifo para fregadero doble GP 1311,1,0,visible,14,,1,2,1,https://biznecubano.com/images/small/tenants/1410/products/112637/rpo-product-cover.jpeg,biznecubano,112637
simple,CV-BIZ-112639,Grifo fregadero doble cuello flexible GP 1220,1,0,visible,15,,1,2,1,https://biznecubano.com/images/small/tenants/1410/products/112639/Tk9-product-cover.jpeg,biznecubano,112639
simple,CV-BIZ-112704,Grifo fregadero doble cuello cisne negro GP 1013,1,0,visible,18,,1,2,1,https://biznecubano.com/images/small/tenants/1410/products/112704/Eal-product-cover.jpeg,biznecubano,112704
simple,CV-BIZ-112707,Cerradura de pomo en blíster MP 001,1,0,visible,7,,1,6,1,https://biznecubano.com/images/small/tenants/1410/products/112707/Dtx-product-cover.jpeg,biznecubano,112707
simple,CV-BIZ-112710,"Válvula de paso mini HH 1/2 "" GPLP83 (hembra)",1,0,visible,4,,1,4,1,https://biznecubano.com/images/small/tenants/1410/products/112710/3DC-product-cover.jpeg,biznecubano,112710
simple,CV-BIZ-112711,"Válvula de paso miniHH 1/2"" GPLP83 (hembra-macho))",1,0,visible,4,,1,1,1,https://biznecubano.com/images/small/tenants/1410/products/112711/Zos-product-cover.jpeg,biznecubano,112711
simple,CV-BIZ-112712,"Válvula para jardin 1/2 "" GPLC012",1,0,visible,4,,1,7,1,https://biznecubano.com/images/small/tenants/1410/products/112712/NGb-product-cover.jpeg,biznecubano,112712
simple,CV-BIZ-113205,Protector Solar SPF 30,1,0,visible,8,,1,3,1,https://biznecubano.com/images/small/tenants/1410/products/113205/04x-product-cover.jpeg,biznecubano,113205
simple,CV-BIZ-113689,Bocina parlante,1,0,visible,170,,1,1,1,https://biznecubano.com/images/small/tenants/1410/products/113689/Arf-product-cover.jpeg,biznecubano,113689
simple,CV-BIZ-113690,Cocina de Gas 2 quemadores,1,0,visible,35,,1,2,1,https://biznecubano.com/images/small/tenants/1410/products/113690/YbK-product-cover.jpeg,biznecubano,113690
simple,CV-BIZ-113934,Toallas Cisne Blanco 40x70,1,0,visible,,,0,,1,https://biznecubano.com/images/small/tenants/1410/products/113934/Jsv-product-cover.jpeg,biznecubano,113934
simple,CV-BIZ-114040,Silla de playa DX,1,0,visible,35,,1,2,1,https://biznecubano.com/images/small/tenants/1410/products/114040/Bk7-product-cover.jpeg,biznecubano,114040
simple,CV-BIZ-114041,Carretón negro,1,0,visible,80,,1,1,1,https://biznecubano.com/images/small/tenants/1410/products/114041/KxH-product-cover.jpeg,biznecubano,114041
simple,CV-BIZ-114042,Mesita de cafe sencilla,1,0,visible,30,,1,6,1,https://biznecubano.com/images/small/tenants/1410/products/114042/I7Z-product-cover.jpeg,biznecubano,114042
simple,CV-BIZ-114274,Escritorio de 1 gavetas,1,0,visible,140,,1,0,0,https://biznecubano.com/images/small/tenants/1410/products/114274/jAJ-product-cover.jpeg,biznecubano,114274
simple,CV-BIZ-114275,Tabla de planchar,1,0,visible,45,,1,0,0,https://biznecubano.com/images/small/tenants/1410/products/114275/Qpj-product-cover.jpeg,biznecubano,114275
simple,CV-BIZ-114278,Tabla de planchar,1,0,visible,45,,1,1,1,https://biznecubano.com/images/small/tenants/1410/products/114278/Ugl-product-cover.jpeg,biznecubano,114278
simple,CV-BIZ-114280,Base para electrodomésticos,1,0,visible,23,,1,8,1,https://biznecubano.com/images/small/tenants/1410/products/114280/er8-product-cover.jpeg,biznecubano,114280
simple,CV-BIZ-114281,Cesta con tapa rosada,1,0,visible,12,,1,1,1,https://biznecubano.com/images/small/tenants/1410/products/114281/zRr-product-cover.jpeg,biznecubano,114281
simple,CV-BIZ-114285,Carrito metálico negro 4 Niveles,1,0,visible,35,,1,2,1,https://biznecubano.com/images/small/tenants/1410/products/114285/MUZ-product-cover.jpeg,biznecubano,114285
simple,CV-BIZ-114292,Carrito metálico plegable blanco 3 Niveles,1,0,visible,35,,1,1,1,https://biznecubano.com/images/small/tenants/1410/products/114292/SvP-product-cover.jpeg,biznecubano,114292
simple,CV-BIZ-115478,Juego de sábanas full (camera),1,0,visible,23,,1,0,0,https://biznecubano.com/images/small/tenants/1410/products/115478/iVj-product-cover.jpeg,biznecubano,115478
simple,CV-BIZ-115479,Soporte TV 14”-42”,1,0,visible,12,,1,2,1,https://biznecubano.com/images/small/tenants/1410/products/115479/Ko2-product-cover.jpeg,biznecubano,115479
simple,CV-BIZ-115480,Soporte TV 14”-55”,1,0,visible,20,,1,9,1,https://biznecubano.com/images/small/tenants/1410/products/115480/W6t-product-cover.jpeg,biznecubano,115480
simple,CV-BIZ-115751,Toalla Cisne Blanco 70x140 cm (gris),1,0,visible,18,,1,11,1,https://biznecubano.com/images/small/tenants/1410/products/115751/pGq-product-cover.jpeg,biznecubano,115751
simple,CV-BIZ-115752,Toalla Cisne Blanco 70x140 cm (beige),1,0,visible,18,,1,4,1,https://biznecubano.com/images/small/tenants/1410/products/115752/nyt-product-cover.jpeg,biznecubano,115752
simple,CV-BIZ-115753,Toalla 100% algodón 70x130 cm,1,0,visible,18,,1,5,1,https://biznecubano.com/images/small/tenants/1410/products/115753/3h4-product-cover.jpeg,biznecubano,115753
simple,CV-BIZ-116018,Corral cuna de bebé,1,0,visible,170,,1,1,1,https://biznecubano.com/images/small/tenants/1410/products/116018/Di1-product-cover.jpeg,biznecubano,116018
simple,CV-BIZ-116019,Corral cuna de bebé,1,0,visible,170,,1,1,1,https://biznecubano.com/images/small/tenants/1410/products/116019/abQ-product-cover.jpeg,biznecubano,116019
simple,CV-BIZ-116315,Aceite capilar de batana HOEGOA,1,0,visible,13,,1,2,1,https://biznecubano.com/images/small/tenants/1410/products/116315/0Rc-product-cover.jpeg,biznecubano,116315
simple,CV-BIZ-116316,Balsamo facial de miel hidratante,1,0,visible,9,,1,2,1,https://biznecubano.com/images/small/tenants/1410/products/116316/JEt-product-cover.jpeg,biznecubano,116316
simple,CV-BIZ-116317,Aceite de oliva antiestrias,1,0,visible,13,,1,2,1,https://biznecubano.com/images/small/tenants/1410/products/116317/bfq-product-cover.jpeg,biznecubano,116317
simple,CV-BIZ-116318,Crema correctora para el cabello Luminoliss,1,0,visible,8,,1,5,1,https://biznecubano.com/images/small/tenants/1410/products/116318/JZ0-product-cover.jpeg,biznecubano,116318
simple,CV-BIZ-116319,Crema blanqueadora de zonas sensibles,1,0,visible,10,,1,2,1,https://biznecubano.com/images/small/tenants/1410/products/116319/Oml-product-cover.jpeg,biznecubano,116319
simple,CV-BIZ-116320,Crema facial de colágeno retinol hialuronico,1,0,visible,10,,1,2,1,https://biznecubano.com/images/small/tenants/1410/products/116320/Jn9-product-cover.jpeg,biznecubano,116320
simple,CV-BIZ-116321,"Crema facial arcilla, vit. C y curcuma",1,0,visible,10,,1,2,1,https://biznecubano.com/images/small/tenants/1410/products/116321/egX-product-cover.jpeg,biznecubano,116321
simple,CV-BIZ-116322,Aceite capilar batana,1,0,visible,10,,1,2,1,https://biznecubano.com/images/small/tenants/1410/products/116322/iAR-product-cover.jpeg,biznecubano,116322
simple,CV-BIZ-116323,Cera en barra para el cabello,1,0,visible,8,,1,2,1,https://biznecubano.com/images/small/tenants/1410/products/116323/mW1-product-cover.jpeg,biznecubano,116323
simple,CV-BIZ-116324,Parche para ojos 24K,1,0,visible,8,,1,1,1,https://biznecubano.com/images/small/tenants/1410/products/116324/Vlb-product-cover.jpeg,biznecubano,116324
simple,CV-BIZ-116325,Serum capilar EELHOE con keratina y proteina,1,0,visible,10,,1,2,1,https://biznecubano.com/images/small/tenants/1410/products/116325/aHE-product-cover.jpeg,biznecubano,116325
simple,CV-BIZ-116326,Crema blanqueadora para muslos y axila,1,0,visible,8,,1,1,1,https://biznecubano.com/images/small/tenants/1410/products/116326/D9O-product-cover.jpeg,biznecubano,116326
simple,CV-BIZ-116327,Crema HOYGY vit.C curcuma y 5% hialuronico,1,0,visible,9,,1,2,1,https://biznecubano.com/images/small/tenants/1410/products/116327/bal-product-cover.jpeg,biznecubano,116327
simple,CV-BIZ-116328,Crema aclaradora intensa hiperpigmentacion,1,0,visible,10,,1,2,1,https://biznecubano.com/images/small/tenants/1410/products/116328/O2c-product-cover.jpeg,biznecubano,116328
simple,CV-BIZ-116443,Tendedero Plegable Rosa,1,0,visible,26,,1,7,1,https://biznecubano.com/images/small/tenants/1410/products/116443/5pt-product-cover.jpeg,biznecubano,116443
simple,CV-BIZ-116444,Sartén Grande (Wok),1,0,visible,25,,1,10,1,https://biznecubano.com/images/small/tenants/1410/products/116444/QQP-product-cover.jpeg,biznecubano,116444
simple,CV-BIZ-116492,Carrito de Mandado Plegable Rojo,1,0,visible,25,,1,2,1,https://biznecubano.com/images/small/tenants/1410/products/116492/hhP-product-cover.jpeg,biznecubano,116492
simple,CV-BIZ-116496,Carrito de Mandado Plegable Rojo Vino,1,0,visible,25,,1,2,1,https://biznecubano.com/images/small/tenants/1410/products/116496/XHc-product-cover.jpeg,biznecubano,116496
simple,CV-BIZ-116497,Carrito de Mandado Plegable Negro,1,0,visible,25,,1,2,1,https://biznecubano.com/images/small/tenants/1410/products/116497/HpH-product-cover.jpeg,biznecubano,116497
simple,CV-BIZ-116498,Carrito de Mandado Plegable Azul,1,0,visible,25,,1,2,1,https://biznecubano.com/images/small/tenants/1410/products/116498/iAZ-product-cover.jpeg,biznecubano,116498
simple,CV-BIZ-116502,Carrito de Mandado Plegable Azul oscuro,1,0,visible,25,,1,2,1,https://biznecubano.com/images/small/tenants/1410/products/116502/lwx-product-cover.jpeg,biznecubano,116502
simple,CV-BIZ-116521,"Ventilador Recargable MILEXUS 16"" NEGRO",1,0,visible,55,,1,5,1,https://biznecubano.com/images/small/tenants/1410/products/116521/ur6-product-cover.jpeg,biznecubano,116521
simple,CV-BIZ-116522,"Ventilador Recargable MILEXUS 16"" BLANCO",1,0,visible,55,,1,3,1,https://biznecubano.com/images/small/tenants/1410/products/116522/Fl4-product-cover.jpeg,biznecubano,116522
simple,CV-BIZ-116744,Sartén 24 cm,1,0,visible,19,,1,6,1,https://biznecubano.com/images/small/tenants/1410/products/116744/vgu-product-cover.jpeg,biznecubano,116744
simple,CV-BIZ-116745,Cesto con Pedal SLIM 15LT Blanco,1,0,visible,16,,1,2,1,https://biznecubano.com/images/small/tenants/1410/products/116745/5MD-product-cover.jpeg,biznecubano,116745
simple,CV-BIZ-116746,Cesto con Pedal SLIM 15LT beige,1,0,visible,16,,1,2,1,https://biznecubano.com/images/small/tenants/1410/products/116746/SAv-product-cover.jpeg,biznecubano,116746
simple,CV-BIZ-116747,Cesto con Pedal SLIM 15LT Gris,1,0,visible,16,,1,2,1,https://biznecubano.com/images/small/tenants/1410/products/116747/tqi-product-cover.jpeg,biznecubano,116747
simple,CV-BIZ-116748,Zapatera de tela gris,1,0,visible,35,,1,1,1,https://biznecubano.com/images/small/tenants/1410/products/116748/QbS-product-cover.jpeg,biznecubano,116748
simple,CV-BIZ-116749,Zapatera de tela negro,1,0,visible,35,,1,2,1,https://biznecubano.com/images/small/tenants/1410/products/116749/nUS-product-cover.jpeg,biznecubano,116749
simple,CV-BIZ-116750,Organizador Colgante de Tela – 5 Niveles,1,0,visible,15,,1,6,1,https://biznecubano.com/images/small/tenants/1410/products/116750/bzh-product-cover.jpeg,biznecubano,116750
